"","Category","Term","Count","X.","PValue","Genes","List.Total","Pop.Hits","Pop.Total","Fold.Enrichment","Bonferroni","Benjamini","FDR"
"1","KEGG_PATHWAY","eco01053:Biosynthesis of siderophore group nonribosomal peptides",3,15,0.000335405235305497,"945284, 947426, 946178",9,6,1575,87.5,0.00234547553720543,0.00234547553720543,0.172792441276959
"2","KEGG_PATHWAY","eco02010:ABC transporters",4,20,0.0459781465938401,"948923, 948411, 948237, 946375",9,170,1575,4.11764705882353,0.280702979711558,0.151886198503737,21.5458089643678
"3","KEGG_PATHWAY","eco00920:Sulfur metabolism",2,10,0.15615095794044,"945557, 948411",9,33,1575,10.6060606060606,0.695313415806365,0.327099097675115,58.3255791553346
"4","KEGG_PATHWAY","eco02020:Two-component system",2,10,0.541623973938598,"947139, 948237",9,146,1575,2.3972602739726,0.995748391507487,0.744648556966257,98.2074026523456
"5","KEGG_PATHWAY","eco01130:Biosynthesis of antibiotics",2,10,0.653507752081751,"945284, 946178",9,195,1575,1.79487179487179,0.999400409617623,0.77323765911265,99.5763937747316
"6","KEGG_PATHWAY","eco01110:Biosynthesis of secondary metabolites",2,10,0.809291393736263,"945284, 946178",9,294,1575,1.19047619047619,0.999990825296336,0.855312168533817,99.980498761414
"7","KEGG_PATHWAY","eco01503:Cationic antimicrobial peptide (CAMP) resistance",1,5,1,"947139",9,36,1575,4.86111111111111,1,1,100
