"","Category","Term","Count","X.","PValue","Genes","List.Total","Pop.Hits","Pop.Total","Fold.Enrichment","Bonferroni","Benjamini","FDR"
"1","KEGG_PATHWAY","ect01053:Biosynthesis of siderophore group nonribosomal peptides",3,4.28571428571429,0.00115831952359156,"7151224, 7151223, 7151226",9,11,1613,48.8787878787879,0.00808011520995811,0.00808011520995811,0.595718053023642
"2","KEGG_PATHWAY","ect02010:ABC transporters",4,5.71428571428571,0.0560198079919091,"7150753, 7150921, 7152511, 7154594",9,188,1613,3.81323877068558,0.332055820589198,0.182721479903698,25.7109043089876
"3","KEGG_PATHWAY","ect00920:Sulfur metabolism",2,2.85714285714286,0.148417063210598,"7150921, 7152911",9,32,1613,11.2013888888889,0.675220464677091,0.312621065277334,56.318653597957
"4","KEGG_PATHWAY","ect02020:Two-component system",2,2.85714285714286,0.524962417308128,"7151132, 7152511",9,143,1613,2.50660450660451,0.99454121748312,0.72818466918371,97.8451259967466
"5","KEGG_PATHWAY","ect01130:Biosynthesis of antibiotics",2,2.85714285714286,0.654067214811642,"7151223, 7151226",9,200,1613,1.79222222222222,0.999407153767396,0.773750091169225,99.5799080891752
"6","KEGG_PATHWAY","ect01110:Biosynthesis of secondary metabolites",2,2.85714285714286,0.812636353314928,"7151223, 7151226",9,304,1613,1.17909356725146,0.999991894173311,0.858268553680403,99.9821990334555
"7","KEGG_PATHWAY","ect01503:Cationic antimicrobial peptide (CAMP) resistance",1,1.42857142857143,1,"7151132",9,36,1613,4.97839506172839,1,1,100
