"","Category","Term","Count","X.","PValue","Genes","List.Total","Pop.Hits","Pop.Total","Fold.Enrichment","Bonferroni","Benjamini","FDR"
"1","KEGG_PATHWAY","eco01053:Biosynthesis of siderophore group nonribosomal peptides",3,15,0.000337107170128396,"945284, 947426, 946178",9,6,1571,87.2777777777778,0.00235736506514417,0.00235736506514417,0.173668621700285
"2","KEGG_PATHWAY","eco02010:ABC transporters",4,20,0.044193953045693,"948923, 948411, 948237, 946375",9,167,1571,4.18097139055223,0.271233473629852,0.146321766489183,20.786453925281
"3","KEGG_PATHWAY","eco00920:Sulfur metabolism",2,10,0.156520397389595,"945557, 948411",9,33,1571,10.5791245791246,0.696245938724424,0.327786292108848,58.4195537774944
"4","KEGG_PATHWAY","eco02020:Two-component system",2,10,0.542581511408785,"947139, 948237",9,146,1571,2.39117199391172,0.995810173860566,0.745581316814799,98.226624241955
"5","KEGG_PATHWAY","eco01130:Biosynthesis of antibiotics",2,10,0.654508553903446,"945284, 946178",9,195,1571,1.79031339031339,0.999412427995649,0.77415409572783,99.5826637856509
"6","KEGG_PATHWAY","eco01110:Biosynthesis of secondary metabolites",2,10,0.812557274397127,"945284, 946178",9,296,1571,1.17942942942943,0.999991870194885,0.858198761997895,99.9821602668877
"7","KEGG_PATHWAY","eco01503:Cationic antimicrobial peptide (CAMP) resistance",1,5,1,"947139",9,36,1571,4.84876543209876,1,1,100
